Set,Card Number,ID
1,1,1
1,2,2
1,3,3
1,4,4
1,5,5
1,6,6
1,7,7
1,8,8
1,9,9
1,10,10
1,11,11
1,12,12
1,13,13
1,14,14
1,15,15
1,16,16
1,17,17
1,18,18
1,19,19
1,20,20
1,21,21
1,22,22
1,23,23
1,24,24
1,25,25
1,26,26
1,27,27
1,28,28
1,29,29
1,30,30
1,31,31
1,32,32
1,33,33
1,34,34
1,35,35
1,36,36
1,37,37
1,38,38
1,39,39
1,40,40
1,41,41
1,42,42
1,43,43
1,44,44
1,45,45
1,46,46
1,47,47
1,48,48
1,49,49
1,50,50
1,51,51
1,52,52
1,53,53
1,54,54
1,55,55
1,56,56
1,57,57
1,58,58
1,59,59
1,60,60
1,61,61
1,62,62
1,63,63
1,64,64
1,65,65
1,66,66
1,67,67
1,68,68
1,69,69
1,70,70
1,71,71
1,72,72
1,73,73
1,74,74
1,75,75
1,76,76
1,77,77
1,78,78
1,79,79
1,80,80
1,81,81
1,82,82
1,83,83
1,84,84
1,85,85
1,86,86
1,87,87
1,88,88
1,89,89
1,90,90
1,91,91
1,92,92
1,93,93
1,94,94
1,95,95
1,96,96
1,97,97
1,98,98
1,99,99
1,100,100
1,101,101
1,102,102
1,103,103
1,104,104
1,105,105
1,106,106
1,107,107
1,108,108
1,109,109
1,110,110
1,111,111
1,112,112
1,113,113
1,114,114
1,115,115
1,116,116
1,117,117
1,118,118
1,119,119
1,120,120
1,121,121
1,122,122
1,123,123
1,124,124
1,125,125
1,126,126
1,127,127
1,128,128
1,129,129
1,130,130
1,131,131
1,132,132
1,133,133
1,134,134
1,135,135
1,136,136
1,137,137
1,138,138
1,139,139
1,140,140
1,141,141
1,142,142
1,143,143
1,144,144
1,145,145
1,146,146
1,147,147
1,148,148
1,149,149
1,150,150
1,151,151
1,152,152
1,153,153
1,154,154
1,155,155
1,156,156
1,157,157
1,158,158
1,159,159
1,160,160
1,161,161
1,162,162
1,163,163
1,164,164
1,165,165
1,166,166
1,167,167
1,168,168
1,169,169
1,170,170
1,171,171
1,172,172
1,173,173
1,174,174
1,175,175
1,176,176
1,177,177
1,178,178
1,179,179
1,180,180
1,181,181
1,182,182
1,183,183
1,184,184
1,185,185
1,186,186
1,187,187
1,188,188
1,189,189
1,190,190
1,191,191
1,192,192
1,193,193
1,194,194
1,195,195
1,196,196
1,197,197
1,198,198
1,199,199
1,200,200
1,201,201
1,202,202
1,203,203
1,204,204
1,205,205
1,206,206
1,207,207
1,208,208
1,209,209
1,210,210
1,211,211
1,212,212
1,213,213
1,214,214
1,215,215
1,216,216
2,1,217
2,2,218
2,3,219
2,4,220
2,5,221
2,6,222
2,7,223
2,8,224
2,9,225
2,10,226
2,11,227
2,12,228
2,13,229
2,14,230
2,15,231
2,16,232
2,17,233
2,18,234
2,19,235
2,20,236
2,21,237
2,22,238
2,23,239
2,24,240
2,25,241
2,26,242
2,27,243
2,28,244
2,29,245
2,30,246
2,31,247
2,32,248
2,33,249
2,34,250
2,35,251
2,36,252
2,37,253
2,38,254
2,39,255
2,40,256
2,41,257
2,42,258
2,43,259
2,44,260
2,45,261
2,46,262
2,47,263
2,48,264
2,49,265
2,50,266
2,51,267
2,52,268
2,53,269
2,54,270
2,55,271
2,56,272
2,57,273
2,58,274
2,59,275
2,60,276
2,61,277
2,62,278
2,63,279
2,64,280
2,65,281
2,66,282
2,67,283
2,68,284
2,69,285
2,70,286
2,71,287
2,72,288
2,73,289
2,74,290
2,75,291
2,76,292
2,77,293
2,78,294
2,79,295
2,80,296
2,81,297
2,82,298
2,83,299
2,84,300
2,85,301
2,86,302
2,87,303
2,88,304
2,89,305
2,90,306
2,91,307
2,92,308
2,93,309
2,94,310
2,95,311
2,96,312
2,97,313
2,98,314
2,99,315
2,100,316
2,101,317
2,102,318
2,103,319
2,104,320
2,105,321
2,106,322
2,107,323
2,108,324
2,109,325
2,110,326
2,111,327
2,112,328
2,113,329
2,114,330
2,115,331
2,116,332
2,117,333
2,118,334
2,119,335
2,120,336
2,121,337
2,122,338
2,123,339
2,124,340
2,125,341
2,126,342
2,127,343
2,128,344
2,129,345
2,130,346
2,131,347
2,132,348
2,133,349
2,134,350
2,135,351
2,136,352
2,137,353
2,138,354
2,139,355
2,140,356
2,141,357
2,142,358
2,143,359
2,144,360
2,145,361
2,146,362
2,147,363
2,148,364
2,149,365
2,150,366
2,151,367
2,152,368
2,153,369
2,154,370
2,155,371
2,156,372
2,157,373
2,158,374
2,159,375
2,160,376
2,161,377
2,162,378
2,163,379
2,164,380
2,165,381
2,166,382
2,167,383
2,168,384
2,169,385
2,170,386
2,171,387
2,172,388
2,173,389
2,174,390
2,175,391
2,176,392
2,177,393
2,178,394
2,179,395
2,180,396
2,181,397
2,182,398
2,183,399
2,184,400
2,185,401
2,186,402
2,187,403
2,188,404
2,189,405
2,190,406
2,191,407
2,192,408
2,193,409
2,194,410
2,195,411
2,196,412
2,197,413
2,198,414
2,199,415
2,200,416
2,201,417
2,202,418
2,203,419
2,204,420
2,205,421
2,206,422
2,207,423
2,208,424
2,209,425
2,210,426
2,211,427
2,212,428
2,213,429
2,214,430
2,215,431
2,216,432
3,1,433
3,2,434
3,3,435
3,4a,436
3,4b,437
3,4c,438
3,4d,439
3,4e,440
3,5,441
3,6,442
3,7,443
3,8,444
3,9,445
3,10,446
3,11,447
3,12,448
3,13,449
3,14,450
3,15,451
3,16,452
3,17,453
3,18,454
3,19,455
3,20,456
3,21,457
3,22,458
3,23,459
3,24,460
3,25,461
3,26,462
3,27,463
3,28,464
3,29,465
3,30,466
3,31,467
3,32,468
3,33,469
3,34,470
3,35,471
3,36,472
3,37,473
3,38,474
3,39,475
3,40,476
3,41,477
3,42,478
3,43,479
3,44,480
3,45,481
3,46,482
3,47,483
3,48,484
3,49,485
3,50,486
3,51,487
3,52,488
3,53,489
3,54,490
3,55,491
3,56,492
3,57,493
3,58,494
3,59,495
3,60,496
3,61,497
3,62,498
3,63,499
3,64,500
3,65,501
3,66,502
3,67,503
3,68,504
3,69,505
3,70,506
3,71,507
3,72,508
3,73,509
3,74,510
3,75,511
3,76,512
3,77,513
3,78,514
3,79,515
3,80,516
3,81,517
3,82,518
3,83,519
3,84,520
3,85,521
3,86,522
3,87,523
3,88,524
3,89,525
3,90,526
3,91,527
3,92,528
3,93,529
3,94,530
3,95,531
3,96,532
3,97,533
3,98,534
3,99,535
3,100,536
3,101,537
3,102,538
3,103,539
3,104,540
3,105,541
3,106,542
3,107,543
3,108,544
3,109,545
3,110,546
3,111,547
3,112,548
3,113,549
3,114,550
3,115,551
3,116,552
3,117,553
3,118,554
3,119,555
3,120,556
3,121,557
3,122,558
3,123,559
3,124,560
3,125,561
3,126,562
3,127,563
3,128,564
3,129,565
3,130,566
3,131,567
3,132,568
3,133,569
3,134,570
3,135,571
3,136,572
3,137,573
3,138,574
3,139,575
3,140,576
3,141,577
3,142,578
3,143,579
3,144,580
3,145,581
3,146,582
3,147,583
3,148,584
3,149,585
3,150,586
3,151,587
3,152,588
3,153,589
3,154,590
3,155,591
3,156,592
3,157,593
3,158,594
3,159,595
3,160,596
3,161,597
3,162,598
3,163,599
3,164,600
3,165,601
3,166,602
3,167,603
3,168,604
3,169,605
3,170,606
3,171,607
3,172,608
3,173,609
3,174,610
3,175,611
3,176,612
3,177,613
3,178,614
3,179,615
3,180,616
3,181,617
3,182,618
3,183,619
3,184,620
3,185,621
3,186,622
3,187,623
3,188,624
3,189,625
3,190,626
3,191,627
3,192,628
3,193,629
3,194,630
3,195,631
3,196,632
3,197,633
3,198,634
3,199,635
3,200,636
3,201,637
3,202,638
3,203,639
3,204,640
3,205,641
3,206,642
3,207,643
3,208,644
3,209,645
3,210,646
3,211,647
3,212,648
3,213,649
3,214,650
3,215,651
3,216,652
3,217,653
3,218,654
3,219,655
3,220,656
3,221,657
3,222,658
3,223,945
4,1,692
4,2,693
4,3,694
4,4,695
4,5,696
4,6,697
4,7,698
4,8,699
4,9,700
4,10,701
4,11,702
4,12,703
4,13,704
4,14,705
4,15,706
4,16,707
4,17,708
4,18,709
4,19,710
4,20,711
4,21,712
4,22,713
4,23,714
4,24,715
4,25,716
4,26,717
4,27,718
4,28,719
4,29,720
4,30,721
4,31,722
4,32,723
4,33,724
4,34,725
4,35,726
4,36,727
4,37,728
4,38,729
4,39,730
4,40,731
4,41,732
4,42,733
4,43,734
4,44,735
4,45,736
4,46,737
4,47,738
4,48,739
4,49,740
4,50,741
4,51,742
4,52,743
4,53,744
4,54,745
4,55,746
4,56,747
4,57,748
4,58,749
4,59,750
4,60,751
4,61,752
4,62,753
4,63,754
4,64,755
4,65,756
4,66,757
4,67,758
4,68,759
4,69,760
4,70,761
4,71,762
4,72,763
4,73,764
4,74,765
4,75,766
4,76,767
4,77,768
4,78,769
4,79,770
4,80,771
4,81,772
4,82,773
4,83,774
4,84,775
4,85,776
4,86,777
4,87,778
4,88,779
4,89,780
4,90,781
4,91,782
4,92,783
4,93,784
4,94,785
4,95,786
4,96,787
4,97,788
4,98,789
4,99,790
4,100,791
4,101,792
4,102,793
4,103,794
4,104,795
4,105,796
4,106,797
4,107,798
4,108,799
4,109,800
4,110,801
4,111,802
4,112,803
4,113,804
4,114,805
4,115,806
4,116,807
4,117,808
4,118,809
4,119,810
4,120,811
4,121,812
4,122,813
4,123,814
4,124,815
4,125,816
4,126,817
4,127,818
4,128,819
4,129,820
4,130,821
4,131,822
4,132,823
4,133,824
4,134,825
4,135,826
4,136,827
4,137,828
4,138,829
4,139,830
4,140,831
4,141,832
4,142,833
4,143,834
4,144,835
4,145,836
4,146,837
4,147,838
4,148,839
4,149,840
4,150,841
4,151,842
4,152,843
4,153,844
4,154,845
4,155,846
4,156,847
4,157,848
4,158,849
4,159,850
4,160,851
4,161,852
4,162,853
4,163,854
4,164,855
4,165,856
4,166,857
4,167,858
4,168,859
4,169,860
4,170,861
4,171,862
4,172,863
4,173,864
4,174,865
4,175,866
4,176,867
4,177,868
4,178,869
4,179,870
4,180,871
4,181,872
4,182,873
4,183,874
4,184,875
4,185,876
4,186,877
4,187,878
4,188,879
4,189,880
4,190,881
4,191,882
4,192,883
4,193,884
4,194,885
4,195,886
4,196,887
4,197,888
4,198,889
4,199,890
4,200,891
4,201,892
4,202,893
4,203,894
4,204,895
4,205,896
4,206,897
4,207,898
4,208,899
4,209,900
4,210,901
4,211,902
4,212,903
4,213,904
4,214,905
4,215,906
4,216,907
4,217,908
4,218,909
4,219,910
4,220,911
4,221,912
4,222,913
4,223,946
4,224,948
4,225,949
5,1,957
5,2,958
5,3,959
5,4,960
5,5,961
5,6,962
5,7,963
5,8,964
5,9,965
5,10,966
5,11,967
5,12,968
5,13,969
5,14,970
5,15,971
5,16,972
5,17,973
5,18,974
5,19,975
5,20,976
5,21,977
5,22,978
5,23,979
5,24,980
5,25,981
5,26,982
5,27,983
5,28,984
5,29,985
5,30,986
5,31,987
5,32,988
5,33,989
5,34,990
5,35,991
5,36,992
5,37,993
5,38,994
5,39,995
5,40,996
5,41,997
5,42,998
5,43,999
5,44,1000
5,45,1001
5,46,1002
5,47,1003
5,48,1004
5,49,1005
5,50,1006
5,51,1007
5,52,1008
5,53,1009
5,54,1010
5,55,1011
5,56,1012
5,57,1013
5,58,1014
5,59,1015
5,60,1016
5,61,1017
5,62,1018
5,63,1019
5,64,1020
5,65,1021
5,66,1022
5,67,1023
5,68,1024
5,69,1025
5,70,1026
5,71,1027
5,72,1028
5,73,1029
5,74,1030
5,75,1031
5,76,1032
5,77,1033
5,78,1034
5,79,1035
5,80,1036
5,81,1037
5,82,1038
5,83,1039
5,84,1040
5,85,1041
5,86,1042
5,87,1043
5,88,1044
5,89,1045
5,90,1046
5,91,1047
5,92,1048
5,93,1049
5,94,1050
5,95,1051
5,96,1052
5,97,1053
5,98,1054
5,99,1055
5,100,1056
5,101,1057
5,102,1058
5,103,1059
5,104,1060
5,105,1061
5,106,1062
5,107,1063
5,108,1064
5,109,1065
5,110,1066
5,111,1067
5,112,1068
5,113,1069
5,114,1070
5,115,1071
5,116,1072
5,117,1073
5,118,1074
5,119,1075
5,120,1076
5,121,1077
5,122,1078
5,123,1079
5,124,1080
5,125,1081
5,126,1082
5,127,1083
5,128,1084
5,129,1085
5,130,1086
5,131,1087
5,132,1088
5,133,1089
5,134,1090
5,135,1091
5,136,1092
5,137,1093
5,138,1094
5,139,1095
5,140,1096
5,141,1097
5,142,1098
5,143,1099
5,144,1100
5,145,1101
5,146,1102
5,147,1103
5,148,1104
5,149,1105
5,150,1106
5,151,1107
5,152,1108
5,153,1109
5,154,1110
5,155,1111
5,156,1112
5,157,1113
5,158,1114
5,159,1115
5,160,1116
5,161,1117
5,162,1118
5,163,1119
5,164,1120
5,165,1121
5,166,1122
5,167,1123
5,168,1124
5,169,1125
5,170,1126
5,171,1127
5,172,1128
5,173,1129
5,174,1130
5,175,1131
5,176,1132
5,177,1133
5,178,1134
5,179,1135
5,180,1136
5,181,1137
5,182,1138
5,183,1139
5,184,1140
5,185,1141
5,186,1142
5,187,1143
5,188,1144
5,189,1145
5,190,1146
5,191,1147
5,192,1148
5,193,1149
5,194,1150
5,195,1151
5,196,1152
5,197,1153
5,198,1154
5,199,1155
5,200,1156
5,201,1157
5,202,1158
5,203,1159
5,204,1160
5,205,1161
5,206,1162
5,207,1163
5,208,1164
5,209,1165
5,210,1166
5,211,1167
5,212,1168
5,213,1169
5,214,1170
5,215,1171
5,216,1172
5,217,1173
5,218,1174
5,219,1175
5,220,1176
5,221,1177
5,222,1178
5,223,1179
6,1,1200
6,2,1201
6,3,1202
6,4,1203
6,5,1204
6,6,1205
6,7,1206
6,8,1207
6,9,1208
6,10,1209
6,11,1210
6,12,1211
6,13,1212
6,14,1213
6,15,1214
6,16,1215
6,17,1216
6,18,1217
6,19,1218
6,20,1219
6,21,1220
6,22,1221
6,23,1222
6,24,1223
6,25,1224
6,26,1225
6,27,1226
6,28,1227
6,29,1228
6,30,1229
6,31,1230
6,32,1231
6,33,1232
6,34,1233
6,35,1234
6,36,1235
6,37,1236
6,38,1237
6,39,1238
6,40,1239
6,41,1240
6,42,1241
6,43,1242
6,44,1243
6,45,1244
6,46,1245
6,47,1246
6,48,1247
6,49,1248
6,50,1249
6,51,1250
6,52,1251
6,53,1252
6,54,1253
6,55,1254
6,56,1255
6,57,1256
6,58,1257
6,59,1258
6,60,1259
6,61,1260
6,62,1261
6,63,1262
6,64,1263
6,65,1264
6,66,1265
6,67,1266
6,68,1267
6,69,1268
6,70,1269
6,71,1270
6,72,1271
6,73,1272
6,74,1273
6,75,1274
6,76,1275
6,77,1276
6,78,1277
6,79,1278
6,80,1279
6,81,1280
6,82,1281
6,83,1282
6,84,1283
6,85,1284
6,86,1285
6,87,1286
6,88,1287
6,89,1288
6,90,1289
6,91,1290
6,92,1291
6,93,1292
6,94,1293
6,95,1294
6,96,1295
6,97,1296
6,98,1297
6,99,1298
6,100,1299
6,101,1300
6,102,1301
6,103,1302
6,104,1303
6,105,1304
6,106,1305
6,107,1306
6,108,1307
6,109,1308
6,110,1309
6,111,1310
6,112,1311
6,113,1312
6,114,1313
6,115,1314
6,116,1315
6,117,1316
6,118,1317
6,119,1318
6,120,1319
6,121,1320
6,122,1321
6,123,1322
6,124,1323
6,125,1324
6,126,1325
6,127,1326
6,128,1327
6,129,1328
6,130,1329
6,131,1330
6,132,1331
6,133,1332
6,134,1333
6,135,1334
6,136,1335
6,137,1336
6,138,1337
6,139,1338
6,140,1339
6,141,1340
6,142,1341
6,143,1342
6,144,1343
6,145,1344
6,146,1345
6,147,1346
6,148,1347
6,149,1348
6,150,1349
6,151,1350
6,152,1351
6,153,1352
6,154,1353
6,155,1354
6,156,1355
6,157,1356
6,158,1357
6,159,1358
6,160,1359
6,161,1360
6,162,1361
6,163,1362
6,164,1363
6,165,1364
6,166,1365
6,167,1366
6,168,1367
6,169,1368
6,170,1369
6,171,1370
6,172,1371
6,173,1372
6,174,1373
6,175,1374
6,176,1375
6,177,1376
6,178,1377
6,179,1378
6,180,1379
6,181,1380
6,182,1381
6,183,1382
6,184,1383
6,185,1384
6,186,1385
6,187,1386
6,188,1387
6,189,1388
6,190,1389
6,191,1390
6,192,1391
6,193,1392
6,194,1393
6,195,1394
6,196,1395
6,197,1396
6,198,1397
6,199,1398
6,200,1399
6,201,1400
6,202,1401
6,203,1402
6,204,1403
6,205,1404
6,206,1405
6,207,1406
6,208,1407
6,209,1408
6,210,1409
6,211,1410
6,212,1411
6,213,1412
6,214,1413
6,215,1414
6,216,1415
6,217,1416
6,218,1417
6,219,1418
6,220,1419
6,221,1420
6,222,1421
7,1,1434
7,2,1435
7,3,1436
7,4,1437
7,5,1438
7,6,1439
7,7,1440
7,8,1441
7,9,1442
7,10,1443
7,11,1444
7,12,1445
7,13,1446
7,14,1447
7,15,1448
7,16,1449
7,17,1450
7,18,1451
7,19,1452
7,20,1453
7,21,1454
7,22,1455
7,23,1456
7,24,1457
7,25,1458
7,26,1459
7,27,1460
7,28,1461
7,29,1462
7,30,1463
7,31,1464
7,32,1465
7,33,1466
7,34,1467
7,35,1468
7,36,1469
7,37,1470
7,38,1471
7,39,1472
7,40,1473
7,41,1474
7,42,1475
7,43,1476
7,44,1477
7,45,1478
7,46,1479
7,47,1480
7,48,1481
7,49,1482
7,50,1483
7,51,1484
7,52,1485
7,53,1486
7,54,1487
7,55,1488
7,56,1489
7,57,1490
7,58,1491
7,59,1492
7,60,1493
7,61,1494
7,62,1495
7,63,1496
7,64,1497
7,65,1498
7,66,1499
7,67,1500
7,68,1501
7,69,1502
7,70,1503
7,71,1504
7,72,1505
7,73,1506
7,74,1507
7,75,1508
7,76,1509
7,77,1510
7,78,1511
7,79,1512
7,80,1513
7,81,1514
7,82,1515
7,83,1516
7,84,1517
7,85,1518
7,86,1519
7,87,1520
7,88,1521
7,89,1522
7,90,1523
7,91,1524
7,92,1525
7,93,1526
7,94,1527
7,95,1528
7,96,1529
7,97,1530
7,98,1531
7,99,1532
7,100,1533
7,101,1534
7,102,1535
7,103,1536
7,104,1537
7,105,1538
7,106,1539
7,107,1540
7,108,1541
7,109,1542
7,110,1543
7,111,1544
7,112,1545
7,113,1546
7,114,1547
7,115,1548
7,116,1549
7,117,1550
7,118,1551
7,119,1552
7,120,1553
7,121,1554
7,122,1555
7,123,1556
7,124,1557
7,125,1558
7,126,1559
7,127,1560
7,128,1561
7,129,1562
7,130,1563
7,131,1564
7,132,1565
7,133,1566
7,134,1567
7,135,1568
7,136,1569
7,137,1570
7,138,1571
7,139,1572
7,140,1573
7,141,1574
7,142,1575
7,143,1576
7,144,1577
7,145,1578
7,146,1579
7,147,1580
7,148,1581
7,149,1582
7,150,1583
7,151,1584
7,152,1585
7,153,1586
7,154,1587
7,155,1588
7,156,1589
7,157,1590
7,158,1591
7,159,1592
7,160,1593
7,161,1594
7,162,1595
7,163,1596
7,164,1597
7,165,1598
7,166,1599
7,167,1600
7,168,1601
7,169,1602
7,170,1603
7,171,1604
7,172,1605
7,173,1606
7,174,1607
7,175,1608
7,176,1609
7,177,1610
7,178,1611
7,179,1612
7,180,1613
7,181,1614
7,182,1615
7,183,1616
7,184,1617
7,185,1618
7,186,1619
7,187,1620
7,188,1621
7,189,1622
7,190,1623
7,191,1624
7,192,1625
7,193,1626
7,194,1627
7,195,1628
7,196,1629
7,197,1630
7,198,1631
7,199,1632
7,200,1633
7,201,1634
7,202,1635
7,203,1636
7,204,1637
7,205,1638
7,206,1639
7,207,1640
7,208,1641
7,209,1642
7,210,1643
7,211,1644
7,212,1645
7,213,1646
7,214,1647
7,215,1648
7,216,1649
7,217,1650
7,218,1651
7,219,1652
7,220,1653
7,221,1654
7,222,1655
7,223,1931
7,224,1932
8,1,1665
8,2,1666
8,3,1667
8,4,1668
8,5,1669
8,6,1670
8,7,1671
8,8,1672
8,9,1673
8,10,1674
8,11,1675
8,12,1676
8,13,1677
8,14,1678
8,15,1679
8,16,1680
8,17,1681
8,18,1682
8,19,1683
8,20,1684
8,21,1685
8,22,1686
8,23,1687
8,24,1688
8,25,1689
8,26,1690
8,27,1691
8,28,1692
8,29,1693
8,30,1694
8,31,1695
8,32,1696
8,33,1697
8,34,1698
8,35,1699
8,36,1700
8,37,1701
8,38,1702
8,39,1703
8,40,1704
8,41,1705
8,42,1706
8,43,1707
8,44,1708
8,45,1709
8,46,1710
8,47,1711
8,48,1712
8,49,1713
8,50,1714
8,51,1715
8,52,1716
8,53,1717
8,54,1718
8,55,1719
8,56,1720
8,57,1721
8,58,1722
8,59,1723
8,60,1724
8,61,1725
8,62,1726
8,63,1727
8,64,1728
8,65,1729
8,66,1730
8,67,1731
8,68,1732
8,69,1733
8,70,1734
8,71,1735
8,72,1736
8,73,1737
8,74,1738
8,75,1739
8,76,1740
8,77,1741
8,78,1742
8,79,1743
8,80,1744
8,81,1745
8,82,1746
8,83,1747
8,84,1748
8,85,1749
8,86,1750
8,87,1751
8,88,1752
8,89,1753
8,90,1754
8,91,1755
8,92,1756
8,93,1757
8,94,1758
8,95,1759
8,96,1760
8,97,1761
8,98,1762
8,99,1763
8,100,1764
8,101,1765
8,102,1766
8,103,1767
8,104,1768
8,105,1769
8,106,1770
8,107,1771
8,108,1772
8,109,1773
8,110,1774
8,111,1775
8,112,1776
8,113,1777
8,114,1778
8,115,1779
8,116,1780
8,117,1781
8,118,1782
8,119,1783
8,120,1784
8,121,1785
8,122,1786
8,123,1787
8,124,1788
8,125,1789
8,126,1790
8,127,1791
8,128,1792
8,129,1793
8,130,1794
8,131,1795
8,132,1796
8,133,1797
8,134,1798
8,135,1799
8,136,1800
8,137,1801
8,138,1802
8,139,1803
8,140,1804
8,141,1805
8,142,1806
8,143,1807
8,144,1808
8,145,1809
8,146,1810
8,147,1811
8,148,1812
8,149,1813
8,150,1814
8,151,1815
8,152,1816
8,153,1817
8,154,1818
8,155,1819
8,156,1820
8,157,1821
8,158,1822
8,159,1823
8,160,1824
8,161,1825
8,162,1826
8,163,1827
8,164,1828
8,165,1829
8,166,1830
8,167,1831
8,168,1832
8,169,1833
8,170,1834
8,171,1835
8,172,1836
8,173,1837
8,174,1838
8,175,1839
8,176,1840
8,177,1841
8,178,1842
8,179,1843
8,180,1844
8,181,1845
8,182,1846
8,183,1847
8,184,1848
8,185,1849
8,186,1850
8,187,1851
8,188,1852
8,189,1853
8,190,1854
8,191,1855
8,192,1856
8,193,1857
8,194,1858
8,195,1859
8,196,1860
8,197,1861
8,198,1862
8,199,1863
8,200,1864
8,201,1865
8,202,1866
8,203,1867
8,204,1868
8,205,1869
8,206,1870
8,207,1871
8,208,1872
8,209,1873
8,210,1874
8,211,1875
8,212,1876
8,213,1877
8,214,1878
8,215,1879
8,216,1880
8,217,1881
8,218,1882
8,219,1883
8,220,1884
8,221,1885
8,222,1886
8,223,1933
8,224,1934
9,0,1936
9,1,1937
9,2,1938
9,3,1939
9,4,1940
9,5,1941
9,6,1942
9,7,1943
9,8,1944
9,9,1945
9,10,1946
9,11,1947
9,12,1948
9,13,1949
9,14,1950
9,15,1951
9,16,1952
9,17,1953
9,18,1954
9,19,1955
9,20,1956
9,21,1957
9,22,1958
9,23,1959
9,24,1960
9,25,1961
9,26,1962
9,27,1963
9,28,1964
9,29,1965
9,30,1966
9,31,1967
9,32,1968
9,33,1969
9,34,1970
9,35,1971
9,36,1972
9,37,1973
9,38,1974
9,39,1975
9,40,1976
9,41,1977
9,42,1978
9,43,1979
9,44,1980
9,45,1981
9,46,1982
9,47,1983
9,48,1984
9,49,1985
9,50,1986
9,51,1987
9,52,1988
9,53,1989
9,54,1990
9,55,1991
9,56,1992
9,57,1993
9,58,1994
9,59,1995
9,60,1996
9,61,1997
9,62,1998
9,63,1999
9,64,2000
9,65,2001
9,66,2002
9,67,2003
9,68,2004
9,69,2005
9,70,2006
9,71,2007
9,72,2008
9,73,2009
9,74,2010
9,75,2011
9,76,2012
9,77,2013
9,78,2014
9,79,2015
9,80,2016
9,81,2017
9,82,2018
9,83,2019
9,84,2020
9,85,2021
9,86,2022
9,87,2023
9,88,2024
9,89,2025
9,90,2026
9,91,2027
9,92,2028
9,93,2029
9,94,2030
9,95,2031
9,96,2032
9,97,2033
9,98,2034
9,99,2035
9,100,2036
9,101,2037
9,102,2038
9,103,2039
9,104,2040
9,105,2041
9,106,2042
9,107,2043
9,108,2044
9,109,2045
9,110,2046
9,111,2047
9,112,2048
9,113,2049
9,114,2050
9,115,2051
9,116,2052
9,117,2053
9,118,2054
9,119,2055
9,120,2056
9,121,2057
9,122,2058
9,123,2059
9,124,2060
9,125,2061
9,126,2062
9,127,2063
9,128,2064
9,129,2065
9,130,2066
9,131,2067
9,132,2068
9,133,2069
9,134,2070
9,135,2071
9,136,2072
9,137,2073
9,138,2074
9,139,2075
9,140,2076
9,141,2077
9,142,2078
9,143,2079
9,144,2080
9,145,2081
9,146,2082
9,147,2083
9,148,2084
9,149,2085
9,150,2086
9,151,2087
9,152,2088
9,153,2089
9,154,2090
9,155,2091
9,156,2092
9,157,2093
9,158,2094
9,159,2095
9,160,2096
9,161,2097
9,162,2098
9,163,2099
9,164,2100
9,165,2101
9,166,2102
9,167,2103
9,168,2104
9,169,2105
9,170,2106
9,171,2107
9,172,2108
9,173,2109
9,174,2110
9,175,2111
9,176,2112
9,177,2113
9,178,2114
9,179,2115
9,180,2116
9,181,2117
9,182,2118
9,183,2119
9,184,2120
9,185,2121
9,186,2122
9,187,2123
9,188,2124
9,189,2125
9,190,2126
9,191,2127
9,192,2128
9,193,2129
9,194,2130
9,195,2131
9,196,2132
9,197,2133
9,198,2134
9,199,2135
9,200,2136
9,201,2137
9,202,2138
9,203,2139
9,204,2140
9,205,2159
9,206,2160
9,207,2161
9,208,2162
9,209,2163
9,210,2164
9,211,2165
9,212,2166
9,213,2167
9,214,2168
9,215,2169
9,216,2170
9,217,2171
9,218,2172
9,219,2173
9,220,2174
9,221,2175
9,222,2176
9,223,2141
9,224,2142
9,225,2143
9,226,2144
9,227,2145
9,228,2146
9,229,2147
9,230,2148
9,231,2149
9,232,2150
9,233,2151
9,234,2152
9,235,2153
9,236,2154
9,237,2155
9,238,2156
9,239,2157
9,240,2158
9,241,2177
9,242,2178
10,1,2190
10,2,2191
10,3,2192
10,4,2193
10,5,2194
10,6,2195
10,7,2196
10,8,2197
10,9,2198
10,10,2199
10,11,2200
10,12,2201
10,13,2202
10,14,2203
10,15,2204
10,16,2205
10,17,2206
10,18,2207
10,19,2208
10,20,2209
10,21,2210
10,22,2211
10,23,2212
10,24,2213
10,25,2214
10,26,2215
10,27,2216
10,28,2217
10,29,2218
10,30,2219
10,31,2220
10,32,2221
10,33,2222
10,34,2223
10,35,2224
10,36,2225
10,37,2226
10,38,2227
10,39,2228
10,40,2229
10,41,2230
10,42,2231
10,43,2232
10,44,2233
10,45,2234
10,46,2235
10,47,2236
10,48,2237
10,49,2238
10,50,2239
10,51,2240
10,52,2241
10,53,2242
10,54,2243
10,55,2244
10,56,2245
10,57,2246
10,58,2247
10,59,2248
10,60,2249
10,61,2250
10,62,2251
10,63,2252
10,64,2253
10,65,2254
10,66,2255
10,67,2256
10,68,2257
10,69,2258
10,70,2259
10,71,2260
10,72,2261
10,73,2262
10,74,2263
10,75,2264
10,76,2265
10,77,2266
10,78,2267
10,79,2268
10,80,2269
10,81,2270
10,82,2271
10,83,2272
10,84,2273
10,85,2274
10,86,2275
10,87,2276
10,88,2277
10,89,2278
10,90,2279
10,91,2280
10,92,2281
10,93,2282
10,94,2283
10,95,2284
10,96,2285
10,97,2286
10,98,2287
10,99,2288
10,100,2289
10,101,2290
10,102,2291
10,103,2292
10,104,2293
10,105,2294
10,106,2295
10,107,2296
10,108,2297
10,109,2298
10,110,2299
10,111,2300
10,112,2301
10,113,2302
10,114,2303
10,115,2304
10,116,2305
10,117,2306
10,118,2307
10,119,2308
10,120,2309
10,121,2310
10,122,2311
10,123,2312
10,124,2313
10,125,2314
10,126,2315
10,127,2316
10,128,2317
10,129,2318
10,130,2319
10,131,2320
10,132,2321
10,133,2322
10,134,2323
10,135,2324
10,136,2325
10,137,2326
10,138,2327
10,139,2328
10,140,2329
10,141,2330
10,142,2331
10,143,2332
10,144,2333
10,145,2334
10,146,2335
10,147,2336
10,148,2337
10,149,2338
10,150,2339
10,151,2340
10,152,2341
10,153,2342
10,154,2343
10,155,2344
10,156,2345
10,157,2346
10,158,2347
10,159,2348
10,160,2349
10,161,2350
10,162,2351
10,163,2352
10,164,2353
10,165,2354
10,166,2355
10,167,2356
10,168,2357
10,169,2358
10,170,2359
10,171,2360
10,172,2361
10,173,2362
10,174,2363
10,175,2364
10,176,2365
10,177,2366
10,178,2367
10,179,2368
10,180,2369
10,181,2370
10,182,2371
10,183,2372
10,184,2373
10,185,2374
10,186,2375
10,187,2376
10,188,2377
10,189,2378
10,190,2379
10,191,2380
10,192,2381
10,193,2382
10,194,2383
10,195,2384
10,196,2385
10,197,2386
10,198,2387
10,199,2388
10,200,2389
10,201,2390
10,202,2391
10,203,2392
10,204,2393
10,205,2394
10,206,2395
10,207,2396
10,208,2397
10,209,2398
10,210,2399
10,211,2400
10,212,2401
10,213,2402
10,214,2403
10,215,2404
10,216,2405
10,217,2406
10,218,2407
10,219,2408
10,220,2409
10,221,2410
10,222,2411
10,223,2412
10,224,2413
10,225,2414
10,226,2415
10,227,2416
10,228,2417
10,229,2418
10,230,2419
10,231,2420
10,232,2421
10,233,2422
10,234,2423
10,235,2424
10,236,2425
10,237,2426
10,238,2427
10,239,2428
10,240,2429
10,241,2430
10,242,2431
C1,1,1187
C1,2,1188
C1,3,1189
C1,4,1190
C1,6,1196
C1,7,1197
C1,8,1198
C1,9,1664
D23,1,1191
D23,2,1192
D23,3,1193
D23,4,1194
D23,5,1195
D23,6,1422
D23,7,1432
D23,8,1895
P1,1,659
P1,2,660
P1,3,661
P1,4,662
P1,5,663
P1,6,664
P1,7,665
P1,8,666
P1,9,667
P1,10,668
P1,11,669
P1,12,670
P1,13,671
P1,14,672
P1,15,673
P1,16,674
P1,17,675
P1,18,676
P1,19,677
P1,20,678
P1,21,679
P1,22,680
P1,23,681
P1,24,682
P1,25,683
P1,26,684
P1,27,685
P1,28,686
P1,29,687
P1,30,688
P1,31,689
P1,32,690
P1,33,691
P1,34,950
P1,35,951
P1,36,952
P1,37,953
P1,38,954
P1,39,955
P1,40,956
5,1/P2,1180
5,2/P2,1181
5,3/P2,1182
5,4/P2,1183
5,5/P2,1184
5,6/P2,1185
5,7/P2,1186
5,8/P2,1423
5,9/P2,1424
6,10/P2,1425
6,11/P2,1426
6,12/P2,1427
6,13/P2,1428
6,14/P2,1429
6,18/P2,1430
7,19/P2,1656
7,20/P2,1657
7,21/P2,1658
7,22/P2,1659
7,23/P2,1660
7,24A/P2,1661
7,24B/P2,1662
7,25/P2,1431
7,26/P2,1433
8,27/P2,1887
8,28/P2,1888
8,29/P2,1889
8,30/P2,1890
8,31/P2,1891
8,32/P2,1892
8,33/P2,1893
8,35/P2,1894
9,1/P3,2179
9,2/P3,2180
9,3/P3,2181
9,4/P3,2182
9,5/P3,2183
9,7/P3,2185
9,8/P3,2186
9,9/P3,2187